call_id,survey_csat
C0002,4
C0023,5
C0024,3
C0026,1
C0028,4
C0031,2
C0033,3
C0034,3
C0035,2
C0039,3
C0040,5
C0045,5
C0046,1
C0048,1
C0051,1
C0056,5
C0061,1
C0065,5
C0067,5
C0068,2
C0070,4
C0075,5
C0076,4
C0077,4
C0085,3
C0089,2
C0090,4
C0092,1
C0094,1
C0107,2
C0109,4
C0110,5
C0112,4
C0114,2
C0117,1
C0120,4
C0121,2
C0124,1
C0126,2
C0128,2
C0130,2
C0133,5
C0134,4
C0138,1
C0141,5
C0145,4
C0148,5
C0149,2
C0156,2
C0159,5
C0165,2
C0168,5
C0171,5
C0174,5
C0178,2
C0181,4
C0185,3
C0188,5
C0192,5
C0193,2
C0194,5
C0200,3
C0201,2
C0204,1
C0207,2
C0208,3
C0214,3
C0219,1
C0220,5
C0226,2
C0227,3
C0229,5
C0230,4
C0231,5
C0233,4
C0234,1
C0235,3
C0236,2
C0241,5
C0242,5
C0245,5
C0252,5
C0257,1
C0259,5
C0260,5
C0261,1
C0271,1
C0273,5
C0274,3
C0276,5
C0277,5
C0278,5
C0279,1
C0280,3
C0281,3
C0286,2
C0291,4
C0292,3
C0297,5
C0298,1
C0300,2
C0301,2
C0304,4
C0306,1
C0308,4
C0310,5
C0316,4
C0317,4
C0318,1
C0323,5
C0325,2
C0326,5
C0328,4
C0330,4
C0331,1
C0337,1
C0338,5
C0343,4
C0344,5
C0347,1
C0350,3
C0352,5
C0354,1
C0359,3
C0360,1
C0369,4
C0370,1
C0371,5
C0372,5
C0373,5
C0378,5
C0379,2
C0380,5
C0381,1
C0382,4
C0386,3
C0389,4
C0391,2
C0395,1
C0397,2
C0400,1
